Component, Time (ms)
Task time, 7736.387748
Task time, 7735.912895
Task time, 7724.130618
Task time, 7813.049066
Task time, 5092.990423
Task time, 4957.144388
Task time, 4958.939529
Task time, 5051.309107
Task time, 4983.045697
Task time, 5049.847213
Task time, 4902.628043
Task time, 4991.058681
Tour: 7 3 2 6 10 9 5 1 0 4 8 11  Length: 31.313708498984763
Client Total,36329.570707

